genotype,phenotype
AAAA,-5.160712174058561
AAAC,0.17279030987107857
AAAG,-1.05669663731042
AAAT,-0.3080532296615681
AACA,-3.280548409416043
AACC,2.052954074513597
AACG,0.8234671273320986
AACT,1.5721105349809505
AAGA,-2.879056747428833
AAGC,2.4544457365008063
AAGG,1.2249587893193077
AAGT,1.97360219696816
AATA,-4.315239385568726
AATC,1.0182630983609133
AATG,-0.21122384882058487
AATT,0.5374195588282671
ACAA,-7.497191532863261
ACAC,-2.1636890489336205
ACAG,-3.3931759961151187
ACAT,-2.6445325884662667
ACCA,-5.6170277682207415
ACCC,-0.2835252842911018
ACCG,-1.5130122314726
ACCT,-0.764368823823748
ACGA,-5.2155361062335315
ACGC,0.11796637769610774
ACGG,-1.111520569485391
ACGT,-0.36287716183653895
ACTA,-6.651718744373425
ACTC,-1.3182162604437853
ACTG,-2.5477032076252835
ACTT,-1.7990597999764315
AGAA,-4.14567097352148
AGAC,1.187831510408159
AGAG,-0.041655436773339716
AGAT,0.7069879708755127
AGCA,-2.2655072088789625
AGCC,3.067995275050677
AGCG,1.8385083278691785
AGCT,2.587151735518031
AGGA,-1.8640155468917525
AGGC,3.4694869370378867
AGGG,2.239999989856388
AGGT,2.9886433975052404
AGTA,-3.300198185031646
AGTC,2.0333042988979937
AGTG,0.8038173517164955
AGTT,1.5524607593653474
ATAA,-3.5832567339789367
ATAC,1.750245749950703
ATAG,0.5207588027692047
ATAT,1.2694022104180567
ATCA,-1.703092969336419
ATCC,3.630409514593221
ATCG,2.4009225674117225
ATCT,3.149565975060575
ATGA,-1.301601307349209
ATGC,4.031901176580431
ATGG,2.8024142293989325
ATGT,3.5510576370477844
ATTA,-2.7377839454891015
ATTC,2.595718538440538
ATTG,1.3662315912590395
ATTT,2.114874998907892
CAAA,-4.450927737518971
CAAC,0.8825747464106684
CAAG,-0.34691220077082985
CAAT,0.4017312068780221
CACA,-2.5707639728764535
CACC,2.7627385110531866
CACG,1.533251563871688
CACT,2.2818949715205403
CAGA,-2.1692723108892435
CAGC,3.164230173040396
CAGG,1.934743225858898
CAGT,2.68338663350775
CATA,-3.605454949029136
CATC,1.7280475349005036
CATG,0.49856058771900535
CATT,1.2472039953678573
CCAA,-6.78740709632367
CCAC,-1.4539046123940302
CCAG,-2.6833915595755284
CCAT,-1.9347481519266765
CCCA,-4.907243331681152
CCCC,0.426259152248488
CCCG,-0.8032277949330107
CCCT,-0.05458438728415782
CCGA,-4.505751669693942
CCGC,0.8277508142356975
CCGG,-0.4017361329458007
CCGT,0.34690727470305127
CCTA,-5.941934307833836
CCTC,-0.608431823904195
CCTG,-1.8379187710856932
CCTT,-1.0892753634368413
CGAA,-3.435886536981891
CGAC,1.8976159469477487
CGAG,0.6681289997662505
CGAT,1.4167724074151025
CGCA,-1.5557227723393723
CGCC,3.777779711590267
CGCG,2.5482927644087687
CGCT,3.2969361720576207
CGGA,-1.1542311103521632
CGGC,4.1792713735774765
CGGG,2.9497844263959783
CGGT,3.69842783404483
CGTA,-2.5904137484920557
CGTC,2.743088735437584
CGTG,1.5136017882560857
CGTT,2.2622451959049377
CTAA,-2.8734722974393465
CTAC,2.460030186490293
CTAG,1.2305432393087945
CTAT,1.979186646957647
CTCA,-0.9933085327968287
CTCC,4.340193951132811
CTCG,3.1107070039513127
CTCT,3.8593504116001647
CTGA,-0.5918168708096188
CTGC,4.741685613120021
CTGG,3.5121986659385223
CTGT,4.260842073587375
CTTA,-2.027999508949512
CTTC,3.305502974980128
CTTG,2.0760160277986293
CTTT,2.8246594354474817
GAAA,-5.915387943309622
GAAC,-0.5818854593799827
GAAG,-1.811372406561481
GAAT,-1.062728998912629
GACA,-4.035224178667105
GACC,1.2982783052625355
GACG,0.06879135808103687
GACT,0.8174347657298893
GAGA,-3.6337325166798946
GAGC,1.699769967249745
GAGG,0.47028302006824685
GAGT,1.2189264277170988
GATA,-5.069915154819788
GATC,0.2635873291098525
GATG,-0.9658996180716457
GATT,-0.21725621042279375
GCAA,-8.25186730211432
GCAC,-2.9183648181846813
GCAG,-4.1478517653661795
GCAT,-3.3992083577173275
GCCA,-6.371703537471803
GCCC,-1.0382010535421635
GCCG,-2.2676880007236617
GCCT,-1.5190445930748098
GCGA,-5.970211875484593
GCGC,-0.6367093915549535
GCGG,-1.8661963387364517
GCGT,-1.1175529310875998
GCTA,-7.406394513624487
GCTC,-2.072892029694846
GCTG,-3.3023789768763443
GCTT,-2.5537355692274923
GGAA,-4.900346742772542
GGAC,0.43315574115709765
GGAG,-0.7963312060244006
GGAT,-0.047687798375548596
GGCA,-3.0201829781300242
GGCC,2.313319505799616
GGCG,1.0838325586181172
GGCT,1.8324759662669696
GGGA,-2.6186913161428143
GGGC,2.7148111677868254
GGGG,1.4853242206053272
GGGT,2.233967628254179
GGTA,-4.054873954282708
GGTC,1.2786285296469329
GGTG,0.04914158246543465
GGTT,0.7977849901142866
GTAA,-4.337932503229998
GTAC,0.9955699806996416
GTAG,-0.233916966481857
GTAT,0.5147264411669954
GTCA,-2.45776873858748
GTCC,2.87573374534216
GTCG,1.6462467981606617
GTCT,2.3948902058095136
GTGA,-2.05627707660027
GTGC,3.2772254073293694
GTGG,2.0477384601478708
GTGT,2.796381867796723
GTTA,-3.4924597147401633
GTTC,1.8410427691894764
GTTG,0.6115558220079782
GTTT,1.3601992296568302
TAAA,-4.664454123867713
TAAC,0.6690483600619266
TAAG,-0.5604385871195721
TAAT,0.18820482052928034
TACA,-2.784290359225195
TACC,2.549212124704445
TACG,1.3197251775229466
TACT,2.0683685851717986
TAGA,-2.382798697237985
TAGC,2.9507037866916543
TAGG,1.7212168395101557
TAGT,2.469860247159008
TATA,-3.8189813353778783
TATC,1.5145211485517613
TATG,0.28503420137026314
TATT,1.033677609019115
TCAA,-7.000933482672411
TCAC,-1.6674309987427725
TCAG,-2.8969179459242707
TCAT,-2.1482745382754187
TCCA,-5.1207697180298934
TCCC,0.2127327658997462
TCCG,-1.016754181281752
TCCT,-0.26811077363290003
TCGA,-4.7192780560426835
TCGC,0.6142244278869557
TCGG,-0.6152625192945429
TCGT,0.1333808883543095
TCTA,-6.155460694182577
TCTC,-0.8219582102529372
TCTG,-2.0514451574344355
TCTT,-1.3028017497855835
TGAA,-3.6494129233306323
TGAC,1.684089560599007
TGAG,0.4546026134175083
TGAT,1.2032460210663607
TGCA,-1.7692491586881145
TGCC,3.564253325241525
TGCG,2.3347663780600265
TGCT,3.083409785708879
TGGA,-1.3677574967009045
TGGC,3.9657449872287347
TGGG,2.736258040047236
TGGT,3.4849014476960885
TGTA,-2.803940134840798
TGTC,2.5295623490888417
TGTG,1.3000754019073435
TGTT,2.0487188095561955
TTAA,-3.0869986837880887
TTAC,2.246503800141551
TTAG,1.0170168529600527
TTAT,1.7656602606089047
TTCA,-1.206834919145571
TTCC,4.126667564784069
TTCG,2.8971806176025705
TTCT,3.645824025251423
TTGA,-0.805343257158361
TTGC,4.528159226771279
TTGG,3.2986722795897805
TTGT,4.047315687238632
TTTA,-2.2415258952982535
TTTC,3.091976588631386
TTTG,1.8624896414498875
TTTT,2.61113304909874
